text,target
The psychological aspects of human behavior reveal complex patterns that influence decision-making processes.,0.6642188044715247
The wind blows gently.,0.10906468864730268
The psychological impact of social media on adolescent development requires careful consideration and research.,0.5948103671968648
"The methodological challenges in cross-cultural research require careful consideration of linguistic, conceptual, and contextual factors.",0.71140074743362
Cognitive neuroscience investigates the neural substrates underlying complex mental processes and behavioral outcomes.,0.8188460983763899
"The dialectical materialism of Karl Marx posits that the material conditions of production determine the social, political, and intellectual life processes, creating a historical progression through class struggle and revolutionary transformation.",0.9106588252487341
The beach offers relaxation and beautiful scenery.,0.4038244910838178
The anthropological study of cultural evolution reveals complex patterns of social organization and technological development.,0.7448414801033055
Photography captures moments and memories.,0.4902719044003076
The cat sat on the mat.,0.2288842004080358
The sociological factors influencing educational achievement include family background and community resources.,0.5761879960349384
"The ontological argument for the existence of God, as formulated by Anselm of Canterbury, posits that the concept of a being than which nothing greater can be conceived necessarily entails its existence, for existence in reality is greater than existence in the understanding alone.",0.94364127387883
"Urban planning considerations must address transportation, housing, and environmental concerns simultaneously.",0.6654123125379913
The ethical implications of artificial intelligence raise important questions about human autonomy and responsibility.,0.5754960563695264
"Double, double toil and trouble; Fire burn and cauldron bubble. Fillet of a fenny snake, In the cauldron boil and bake; Eye of newt and toe of frog, Wool of bat and tongue of dog.",0.8690044530165789
We go to the store.,0.19074160591551337
The weather is nice today and we can go for a walk.,0.47942030203750385
Birds fly in the sky.,0.11512798624881858
The movie was entertaining with good special effects.,0.32724856163326355
My friend likes to travel and explore new places.,0.47298802499333403
The quality of mercy is not strained. It droppeth as the gentle rain from heaven upon the place beneath. It is twice blest: It blesseth him that gives and him that takes.,0.9027037315424165
The theater presents plays and musical performances.,0.3180743119665536
The rain falls softly.,0.24605021341830874
Technological innovation continues to reshape traditional industries and create new opportunities for growth.,0.6248249865331162
The zoo houses animals from around the world.,0.49441027833608187
The library has many books about different subjects.,0.3736836098824903
Learning a new language takes time and practice.,0.3751476178575716
The park provides space for recreation and exercise.,0.4567584103530694
Environmental sustainability requires a comprehensive approach that balances human needs with ecological preservation.,0.6160518755537846
"The existentialist philosophy of Jean-Paul Sartre emphasizes that existence precedes essence, meaning that human beings first exist and then define themselves through their choices and actions, thereby bearing absolute responsibility for their being.",0.9689584557690685
The tree grows tall.,0.11063359393700822
The phenomenological approach to psychological research emphasizes the subjective experience of consciousness and intentionality.,0.7535195452525477
"The interdisciplinary nature of environmental science necessitates integration of biological, physical, and social scientific perspectives.",0.7511563789839808
The concert featured music from various genres.,0.33524490549636304
Economic policy decisions must balance short-term objectives with long-term sustainability goals.,0.5136002230680247
Gardening requires patience and careful attention.,0.47316098627335124
The philosophical foundations of democracy emphasize individual rights and collective responsibility.,0.6654413794802216
The intricate mechanisms underlying quantum entanglement continue to perplex even the most distinguished physicists in the field.,0.8231789361495886
Healthcare systems worldwide face challenges in providing accessible and affordable medical services.,0.5743184639719119
The economic implications of globalization have fundamentally altered the way nations interact in the modern era.,0.5079234028336416
"Metacognitive strategies enable learners to monitor and regulate their cognitive processes effectively, thereby enhancing educational outcomes.",0.7907194523640022
Flowers bloom in spring.,0.2623390829596881
"The course of true love never did run smooth. But, either it was different in blood, or else misgraffed in respect of years, or else it stood upon the choice of friends.",0.9431647929783331
The historical development of constitutional law reflects evolving societal values and political priorities.,0.6266516038097685
Epigenetic mechanisms provide insights into how environmental factors influence gene expression without altering DNA sequences.,0.8188518350872995
"What's in a name? That which we call a rose by any other name would smell as sweet. So Romeo would, were he not Romeo call'd, retain that dear perfection which he owes without that title.",0.9204944711003694
Now is the winter of our discontent made glorious summer by this sun of York; And all the clouds that lour'd upon our house in the deep bosom of the ocean buried.,0.8818109950767817
Quantum computing algorithms leverage superposition and entanglement to solve computational problems intractable for classical systems.,0.7687027926693761
Reading improves vocabulary and comprehension skills.,0.4781327258672096
"The categorical imperative, as articulated by Immanuel Kant, demands that one act only according to that maxim whereby one can, at the same time, will that it should become a universal law, thereby establishing the foundation for deontological ethics.",0.9497911518786751
"Et tu, Brute? Then fall, Caesar! The Ides of March have come, but not gone. The conspirators' daggers have found their mark, and Rome's greatest leader lies bleeding.",0.9351969281007725
"The structuralist approach to anthropology, as developed by Claude Lévi-Strauss, examines cultural phenomena as manifestations of underlying universal structures of human thought, revealing patterns that transcend specific historical and geographical contexts.",0.9995915540477753
"The linguistic relativity hypothesis, associated with Benjamin Lee Whorf, suggests that the structure of a language influences the way its speakers conceptualize and experience reality, thereby affecting cognitive processes and cultural worldviews.",0.913152819280449
I enjoy reading mystery novels in my free time.,0.30939950458806226
"But, soft! what light through yonder window breaks? It is the east, and Juliet is the sun. Arise, fair sun, and kill the envious moon, who is already sick and pale with grief.",0.9303280474502738
The restaurant serves delicious food from many countries.,0.49441758240916994
The epistemological foundations of modern science rest upon empirical observation and rigorous methodological frameworks that distinguish between correlation and causation.,0.7316208529156022
Exercise helps keep your body healthy and strong.,0.3629921265623397
The newspaper reports on local and world events.,0.4985144449389465
"The postmodern critique of metanarratives, articulated by Jean-François Lyotard, challenges the legitimacy of grand theoretical frameworks that claim to provide universal explanations, advocating instead for localized and contingent forms of knowledge.",0.934578706770332
Neuroplasticity research demonstrates the brain's remarkable capacity for adaptation and reorganization throughout the lifespan.,0.8176970960863738
"The phenomenological reduction, as conceived by Edmund Husserl, constitutes a methodological procedure whereby the natural attitude is suspended, enabling the transcendental ego to apprehend the essential structures of consciousness through eidetic intuition.",0.9070720378997954
"All the world's a stage, and all the men and women merely players: they have their exits and their entrances; and one man in his time plays many parts.",0.8653533303994259
I like to read books.,0.2501537654380094
The sociological analysis of power structures reveals how institutional arrangements perpetuate social hierarchies and inequalities.,0.7411621535976088
Climate change adaptation strategies require coordinated efforts across multiple sectors and jurisdictions.,0.6695881065410909
Cooking requires following recipes and using ingredients.,0.43375280430927554
We eat dinner together.,0.16969831584670264
"Out, damned spot! out, I say! One: two: why, then, 'tis time to do't. Hell is murky! Fie, my lord, fie! a soldier, and afeard? What need we fear who knows it, when none can call our power to account?",0.9174896279200395
The sun is bright today.,0.26005800768053244
International relations theory examines the complex dynamics between sovereign states and global institutions.,0.5405495131656801
The technological revolution in communication has transformed how people connect and share information globally.,0.5460600595206777
"The uncertainty principle, formulated by Werner Heisenberg, establishes that the more precisely the position of a particle is determined, the less precisely its momentum can be known, fundamentally challenging classical notions of causality and determinism.",0.9993425806827154
The baby sleeps quietly.,0.23980657717012507
The dog runs in the park.,0.27103505431897756
The philosophical implications of consciousness studies challenge our fundamental assumptions about subjective experience and objective reality.,0.8179160596228506
Constitutional jurisprudence necessitates careful consideration of both textual interpretation and historical context when addressing contemporary legal challenges.,0.7588369167537715
Public health initiatives must address both individual behavior and systemic factors affecting population health.,0.6312508179026353
"Shall I compare thee to a summer's day? Thou art more lovely and more temperate: Rough winds do shake the darling buds of May, And summer's lease hath all too short a date.",0.8945389372745502
Cultural diversity enriches societies by fostering understanding and promoting creative problem-solving approaches.,0.6150025622717602
The phone rings loudly.,0.12510055448694918
"To be, or not to be, that is the question: Whether 'tis nobler in the mind to suffer The slings and arrows of outrageous fortune, Or to take arms against a sea of troubles And by opposing end them.",0.9449751872200062
"The hermeneutic circle, as elucidated by Hans-Georg Gadamer, describes the interpretive process whereby understanding emerges through the dialectical interaction between the interpreter's pre-understanding and the text's horizon of meaning.",0.9850295853706575
The hermeneutic tradition in philosophy examines the interpretation of texts and the understanding of human experience.,0.7399111284689042
"The fault, dear Brutus, is not in our stars, but in ourselves, that we are underlings. Men at some time are masters of their fates: The fault, dear Brutus, is not in our stars, but in ourselves.",0.8531367820643203
She walks to school every day.,0.23998852971983123
"Tomorrow, and tomorrow, and tomorrow, creeps in this petty pace from day to day to the last syllable of recorded time, and all our yesterdays have lighted fools the way to dusty death.",0.8907901520585345
Scientific research methodology involves systematic investigation and rigorous analysis of empirical evidence.,0.619764941389082
The theoretical frameworks of postcolonial studies examine the lasting effects of imperialism on contemporary global relations.,0.809537755850417
Fish swim in water.,0.14228224958225347
The epistemological debate between rationalism and empiricism continues to influence contemporary approaches to knowledge acquisition.,0.7339272058093212
The book is on the table.,0.19681616241309208
The door opens slowly.,0.2786730177787804
Children play outside.,0.21338528791631306
"Theoretical physics explores the fundamental nature of space, time, and matter through mathematical frameworks and experimental validation.",0.7105909577675125
The ontological implications of artificial intelligence raise profound questions about the nature of consciousness and personhood.,0.7094165021781347
Cooking dinner together is fun and educational.,0.3585951043312404
The philosophical debate over free will versus determinism continues to challenge our understanding of human agency.,0.630001485945784
Educational reform initiatives aim to improve learning outcomes through evidence-based instructional strategies.,0.6140679102576023
"Socioeconomic disparities manifest themselves through multifaceted channels, perpetuating cycles of inequality across generations despite policy interventions.",0.7476521820019212
The car drives fast.,0.26021692287089027
"Friends, Romans, countrymen, lend me your ears; I come to bury Caesar, not to praise him. The evil that men do lives after them; The good is oft interred with their bones.",0.9216550745469867
The museum displays artifacts from ancient civilizations.,0.34376886524018224
"Is this a dagger which I see before me, the handle toward my hand? Come, let me clutch thee. I have thee not, and yet I see thee still. Art thou not, fatal vision, sensible to feeling as to sight?",0.9286149928803722
The clock ticks quietly.,0.11334697105716006
